/*
 Navicat Premium Dump SQL

 Source Server         : 0xf5t9
 Source Server Type    : MySQL
 Source Server Version : 80402 (8.4.2)
 Source Host           : localhost:3306
 Source Schema         : devtest1

 Target Server Type    : MySQL
 Target Server Version : 80402 (8.4.2)
 File Encoding         : 65001

 Date: 15/01/2025 14:15:31
*/

SET NAMES utf8mb4;
SET FOREIGN_KEY_CHECKS = 0;

-- ----------------------------
-- Table structure for categories
-- ----------------------------
DROP TABLE IF EXISTS `categories`;
CREATE TABLE `categories`  (
  `id` int UNSIGNED NOT NULL AUTO_INCREMENT,
  `slug` varchar(300) CHARACTER SET utf8mb4 COLLATE utf8mb4_0900_ai_ci NULL DEFAULT NULL,
  `name` varchar(255) CHARACTER SET utf8mb4 COLLATE utf8mb4_0900_ai_ci NULL DEFAULT NULL,
  `desc` text CHARACTER SET utf8mb4 COLLATE utf8mb4_0900_ai_ci NULL,
  `imageFileName` varchar(2000) CHARACTER SET utf8mb4 COLLATE utf8mb4_0900_ai_ci NULL DEFAULT NULL,
  `priority` int NOT NULL DEFAULT 1,
  PRIMARY KEY (`id`) USING BTREE,
  UNIQUE INDEX `slug`(`slug` ASC) USING BTREE
) ENGINE = InnoDB AUTO_INCREMENT = 6 CHARACTER SET = utf8mb4 COLLATE = utf8mb4_0900_ai_ci ROW_FORMAT = DYNAMIC;

-- ----------------------------
-- Records of categories
-- ----------------------------
INSERT INTO `categories` VALUES (1, 'blindbox', 'Blindbox', 'Unwrap the excitement of our Blindbox collection, where each mystery box holds a surprise collectible waiting to be discovered!', 'blindbox-category.webp', 1);
INSERT INTO `categories` VALUES (2, 'plush-toys', 'Plush Toys', 'Cuddle up with our charming Plush Toys, featuring soft and adorable characters perfect for all ages.', 'plushtoy-category.webp', 1);
INSERT INTO `categories` VALUES (3, 'figures', 'Figures', 'Showcase your fandom with our detailed Figures, designed to bring your favorite characters to life in stunning detail.', 'figures-category.webp', 1);
INSERT INTO `categories` VALUES (4, 'mega', 'Mega', 'Explore our \"Mega\" series from Popmart, featuring oversized collectibles that captivate with their intricate designs and vibrant colors. These standout pieces are perfect for collectors looking to make a bold statement in their display!', 'mega-category.webp', 1);
INSERT INTO `categories` VALUES (5, 'accessories', 'Accessories', 'Elevate your style with our fun Accessories, perfect for adding a personal touch to your collection or everyday look.', 'accessories-category.webp', 1);

-- ----------------------------
-- Table structure for credentials
-- ----------------------------
DROP TABLE IF EXISTS `credentials`;
CREATE TABLE `credentials`  (
  `id` int UNSIGNED NOT NULL AUTO_INCREMENT,
  `password` varchar(255) CHARACTER SET utf8mb4 COLLATE utf8mb4_0900_ai_ci NOT NULL,
  `username` varchar(255) CHARACTER SET utf8mb4 COLLATE utf8mb4_0900_ai_ci NOT NULL,
  PRIMARY KEY (`id`) USING BTREE,
  UNIQUE INDEX `username`(`username` ASC) USING BTREE,
  CONSTRAINT `fk_username` FOREIGN KEY (`username`) REFERENCES `users` (`username`) ON DELETE RESTRICT ON UPDATE CASCADE
) ENGINE = InnoDB AUTO_INCREMENT = 2 CHARACTER SET = utf8mb4 COLLATE = utf8mb4_0900_ai_ci ROW_FORMAT = DYNAMIC;

-- ----------------------------
-- Records of credentials
-- ----------------------------
INSERT INTO `credentials` VALUES (1, '$2b$10$e.htb1RwEKcky8VOtp3oL.vwr8CLqMH4Bt3ZB6iv5354PkPlSrCFu', 'truyenhaunhan');

-- ----------------------------
-- Table structure for newsletter_subscribers
-- ----------------------------
DROP TABLE IF EXISTS `newsletter_subscribers`;
CREATE TABLE `newsletter_subscribers`  (
  `id` int UNSIGNED NOT NULL AUTO_INCREMENT,
  `email` varchar(255) CHARACTER SET utf8mb4 COLLATE utf8mb4_0900_ai_ci NOT NULL,
  PRIMARY KEY (`id`) USING BTREE,
  UNIQUE INDEX `email`(`email` ASC) USING BTREE
) ENGINE = InnoDB AUTO_INCREMENT = 1 CHARACTER SET = utf8mb4 COLLATE = utf8mb4_0900_ai_ci ROW_FORMAT = DYNAMIC;

-- ----------------------------
-- Records of newsletter_subscribers
-- ----------------------------

-- ----------------------------
-- Table structure for orders
-- ----------------------------
DROP TABLE IF EXISTS `orders`;
CREATE TABLE `orders`  (
  `id` int UNSIGNED NOT NULL AUTO_INCREMENT,
  `orderId` int UNSIGNED NOT NULL,
  `deliveryMethod` varchar(255) CHARACTER SET utf8mb4 COLLATE utf8mb4_0900_ai_ci NOT NULL,
  `deliveryAddress` text CHARACTER SET utf8mb4 COLLATE utf8mb4_0900_ai_ci NULL,
  `deliveryTime` timestamp NULL DEFAULT NULL,
  `pickupAt` text CHARACTER SET utf8mb4 COLLATE utf8mb4_0900_ai_ci NULL,
  `deliveryNote` text CHARACTER SET utf8mb4 COLLATE utf8mb4_0900_ai_ci NULL,
  `customerName` varchar(255) CHARACTER SET utf8mb4 COLLATE utf8mb4_0900_ai_ci NOT NULL,
  `customerPhoneNumber` varchar(255) CHARACTER SET utf8mb4 COLLATE utf8mb4_0900_ai_ci NOT NULL,
  `items` json NOT NULL,
  `status` varchar(255) CHARACTER SET utf8mb4 COLLATE utf8mb4_0900_ai_ci NOT NULL DEFAULT 'processing',
  `createdAt` timestamp NOT NULL DEFAULT CURRENT_TIMESTAMP,
  PRIMARY KEY (`id`) USING BTREE,
  UNIQUE INDEX `orderId`(`orderId` ASC) USING BTREE
) ENGINE = InnoDB AUTO_INCREMENT = 1 CHARACTER SET = utf8mb4 COLLATE = utf8mb4_0900_ai_ci ROW_FORMAT = DYNAMIC;

-- ----------------------------
-- Records of orders
-- ----------------------------

-- ----------------------------
-- Table structure for product_categories
-- ----------------------------
DROP TABLE IF EXISTS `product_categories`;
CREATE TABLE `product_categories`  (
  `product_slug` varchar(300) CHARACTER SET utf8mb4 COLLATE utf8mb4_0900_ai_ci NOT NULL,
  `category_slug` varchar(300) CHARACTER SET utf8mb4 COLLATE utf8mb4_0900_ai_ci NOT NULL,
  PRIMARY KEY (`product_slug`, `category_slug`) USING BTREE,
  INDEX `category_slug`(`category_slug` ASC) USING BTREE,
  CONSTRAINT `product_categories_ibfk_1` FOREIGN KEY (`product_slug`) REFERENCES `products` (`slug`) ON DELETE CASCADE ON UPDATE CASCADE,
  CONSTRAINT `product_categories_ibfk_2` FOREIGN KEY (`category_slug`) REFERENCES `categories` (`slug`) ON DELETE CASCADE ON UPDATE CASCADE
) ENGINE = InnoDB CHARACTER SET = utf8mb4 COLLATE = utf8mb4_0900_ai_ci ROW_FORMAT = DYNAMIC;

-- ----------------------------
-- Records of product_categories
-- ----------------------------
INSERT INTO `product_categories` VALUES ('kubo-jeans-series-cable-blind-box-type-c', 'accessories');
INSERT INTO `product_categories` VALUES ('kubo-jeans-series-trendy-socks', 'accessories');
INSERT INTO `product_categories` VALUES ('skullpanda-image-of-reality-series-handheld-mirror', 'accessories');
INSERT INTO `product_categories` VALUES ('warm-fluffy-holiday-series-dimoo-cloud-bag', 'accessories');
INSERT INTO `product_categories` VALUES ('demon-slayer-kimetsu-no-yaiba-birth-flower-series-figures', 'blindbox');
INSERT INTO `product_categories` VALUES ('disney-mickey-childhood-of-boundless-imagination-series-figures', 'blindbox');
INSERT INTO `product_categories` VALUES ('marvel-infinity-saga-series-figures', 'blindbox');
INSERT INTO `product_categories` VALUES ('naruto-ninkai-taisen-series-figures', 'blindbox');
INSERT INTO `product_categories` VALUES ('dc-series-trendy-figure-batman', 'figures');
INSERT INTO `product_categories` VALUES ('dimoo-fantastic-beasts-and-where-to-find-them-figurine', 'figures');
INSERT INTO `product_categories` VALUES ('harry-potterwizard-dynasty-harry-potter', 'figures');
INSERT INTO `product_categories` VALUES ('pucky-planet-explorer-time-traveler-baby-figurine', 'figures');
INSERT INTO `product_categories` VALUES ('mega-collection-yuki-rainbow-400percent', 'mega');
INSERT INTO `product_categories` VALUES ('mega-royal-molly-400percent-mika-ninagawa', 'mega');
INSERT INTO `product_categories` VALUES ('mega-space-molly-1000percent-chen-fenwan', 'mega');
INSERT INTO `product_categories` VALUES ('mega-space-molly-400percent-gary-baseman', 'mega');
INSERT INTO `product_categories` VALUES ('dimoo-no-ones-gonna-sleep-tonight-series-40cm-cotton-doll-fox-spirit', 'plush-toys');
INSERT INTO `product_categories` VALUES ('harry-potter-classic-character-series-plush', 'plush-toys');
INSERT INTO `product_categories` VALUES ('kouya-fruit-store-series-plush-blind-box', 'plush-toys');
INSERT INTO `product_categories` VALUES ('the-monsters-lets-christmas-series-plush-pendant', 'plush-toys');

-- ----------------------------
-- Table structure for products
-- ----------------------------
DROP TABLE IF EXISTS `products`;
CREATE TABLE `products`  (
  `id` int UNSIGNED NOT NULL AUTO_INCREMENT,
  `slug` varchar(300) CHARACTER SET utf8mb4 COLLATE utf8mb4_0900_ai_ci NULL DEFAULT NULL,
  `name` varchar(255) CHARACTER SET utf8mb4 COLLATE utf8mb4_0900_ai_ci NULL DEFAULT NULL,
  `desc` longtext CHARACTER SET utf8mb4 COLLATE utf8mb4_0900_ai_ci NULL,
  `price` decimal(10, 2) NOT NULL DEFAULT 0.00,
  `imageFileName` varchar(2000) CHARACTER SET utf8mb4 COLLATE utf8mb4_0900_ai_ci NULL DEFAULT NULL,
  `quantity` int NOT NULL DEFAULT 0,
  `priority` int NOT NULL DEFAULT 1,
  PRIMARY KEY (`id`) USING BTREE,
  UNIQUE INDEX `slug`(`slug` ASC) USING BTREE
) ENGINE = InnoDB AUTO_INCREMENT = 21 CHARACTER SET = utf8mb4 COLLATE = utf8mb4_0900_ai_ci ROW_FORMAT = DYNAMIC;

-- ----------------------------
-- Records of products
-- ----------------------------
INSERT INTO `products` VALUES (1, 'demon-slayer-kimetsu-no-yaiba-birth-flower-series-figures', 'Demon Slayer: Kimetsu no Yaiba Birth Flower Series Figures', '[{\"type\":\"paragraph\",\"children\":[{\"text\":\"Designer:\",\"bold\":true},{\"text\":\" POP MART\"}],\"align\":\"left\"},{\"type\":\"paragraph\",\"align\":\"left\",\"children\":[{\"text\":\"Release Date:\",\"bold\":true},{\"text\":\" January 10, 2025\"}]},{\"type\":\"paragraph\",\"align\":\"left\",\"children\":[{\"text\":\"SIZE:\",\"bold\":true},{\"text\":\" 6.4-8.9cm/2.52-3.5inches\"}]},{\"type\":\"paragraph\",\"align\":\"left\",\"children\":[{\"text\":\"MATERIAL:\",\"bold\":true},{\"text\":\" PVC/ABS\"}]},{\"type\":\"paragraph\",\"align\":\"left\",\"children\":[{\"text\":\"\"}]},{\"type\":\"bulleted-list\",\"children\":[{\"type\":\"list-item\",\"align\":\"left\",\"children\":[{\"text\":\"Not suitable for persons under 15.\"}]},{\"type\":\"list-item\",\"align\":\"left\",\"children\":[{\"text\":\"the actual measurements may vary within a normal range of 0.19- 0.39 inches.\"}]}],\"align\":\"left\"},{\"type\":\"paragraph\",\"align\":\"left\",\"children\":[{\"text\":\"\"}]},{\"type\":\"image\",\"url\":\"https://prod-america-res.popmart.com/default/20250107_154001_876700____1_demon-slayer-kimetsu-no-yaiba-birth-flower-series-figures_blind-boxes_details_popmart-us_____1200x1868.jpg?x-oss-process=image/format,webp\",\"children\":[{\"text\":\"\"}]},{\"type\":\"image\",\"url\":\"https://prod-america-res.popmart.com/default/20250107_154001_739870____2_demon-slayer-kimetsu-no-yaiba-birth-flower-series-figures_blind-boxes_details_popmart-us_____1200x2228.jpg?x-oss-process=image/format,webp\",\"children\":[{\"text\":\"\"}]},{\"type\":\"image\",\"url\":\"https://prod-america-res.popmart.com/default/20250107_154001_834344____3_demon-slayer-kimetsu-no-yaiba-birth-flower-series-figures_blind-boxes_details_popmart-us_____1200x1590.jpg?x-oss-process=image/format,webp\",\"children\":[{\"text\":\"\"}]},{\"type\":\"image\",\"url\":\"https://prod-america-res.popmart.com/default/20250107_154001_619718____4_demon-slayer-kimetsu-no-yaiba-birth-flower-series-figures_blind-boxes_details_popmart-us_____1200x1795.jpg?x-oss-process=image/format,webp\",\"children\":[{\"text\":\"\"}]},{\"type\":\"image\",\"url\":\"https://prod-america-res.popmart.com/default/20250107_154001_619718____4_demon-slayer-kimetsu-no-yaiba-birth-flower-series-figures_blind-boxes_details_popmart-us_____1200x1795.jpg?x-oss-process=image/format,webp\",\"children\":[{\"text\":\"\"}]},{\"type\":\"paragraph\",\"children\":[{\"text\":\"\"}]}]', 208.81, 'blindbox-demon-slayer-full-set.png', 10, 1);
INSERT INTO `products` VALUES (2, 'disney-mickey-childhood-of-boundless-imagination-series-figures', 'Disney Mickey Childhood of Boundless Imagination Series Figures', '[{\"type\":\"paragraph\",\"children\":[{\"text\":\"Designer:\",\"bold\":true},{\"text\":\" POP MART\"}],\"align\":\"left\"},{\"type\":\"paragraph\",\"align\":\"left\",\"children\":[{\"text\":\"Release Date:\",\"bold\":true},{\"text\":\" January 3, 2025\"}]},{\"type\":\"paragraph\",\"align\":\"left\",\"children\":[{\"text\":\"SIZE:\",\"bold\":true},{\"text\":\" 8-9cm/3.15-3.54inches\"}]},{\"type\":\"paragraph\",\"align\":\"left\",\"children\":[{\"text\":\"MATERIAL:\",\"bold\":true},{\"text\":\" PVC/ABS\"}]},{\"type\":\"paragraph\",\"align\":\"left\",\"children\":[{\"text\":\"\"}]},{\"type\":\"bulleted-list\",\"children\":[{\"type\":\"list-item\",\"align\":\"left\",\"children\":[{\"text\":\"The whole set contains 12 non-repeating blind boxes.\"}]},{\"type\":\"list-item\",\"align\":\"left\",\"children\":[{\"text\":\"Chances of drawing a “secret” figurine vary from set to set.\"}]},{\"type\":\"list-item\",\"align\":\"left\",\"children\":[{\"text\":\"Not suitable for persons under 15.\"}]}],\"align\":\"left\"},{\"type\":\"paragraph\",\"align\":\"left\",\"children\":[{\"text\":\"\"}]},{\"type\":\"image\",\"url\":\"https://prod-america-res.popmart.com/default/20241224_183132_971652____1_disney-mickey-childhood-of-boundless-imagination-series-figures_blind-boxes_details_popmart-us_____1200x1844.jpg?x-oss-process=image/format,webp\",\"children\":[{\"text\":\"\"}]},{\"type\":\"image\",\"url\":\"https://prod-america-res.popmart.com/default/20241224_183132_857044____2_disney-mickey-childhood-of-boundless-imagination-series-figures_blind-boxes_details_popmart-us_____1200x2208.jpg?x-oss-process=image/format,webp\",\"children\":[{\"text\":\"\"}]},{\"type\":\"image\",\"url\":\"https://prod-america-res.popmart.com/default/20241224_183132_856621____3_disney-mickey-childhood-of-boundless-imagination-series-figures_blind-boxes_details_popmart-us_____1200x1584.jpg?x-oss-process=image/format,webp\",\"children\":[{\"text\":\"\"}]},{\"type\":\"image\",\"url\":\"https://prod-america-res.popmart.com/default/20241224_183132_320634____4_disney-mickey-childhood-of-boundless-imagination-series-figures_blind-boxes_details_popmart-us_____1200x1887.jpg?x-oss-process=image/format,webp\",\"children\":[{\"text\":\"\"}]},{\"type\":\"image\",\"url\":\"https://prod-america-res.popmart.com/default/20241224_183141_198569____12_disney-mickey-childhood-of-boundless-imagination-series-figures_blind-boxes_details_popmart-us_____1200x753.jpg?x-oss-process=image/format,webp\",\"children\":[{\"text\":\"\"}]},{\"type\":\"paragraph\",\"children\":[{\"text\":\"\"}]}]', 192.06, 'blindbox-mickey-childhood-full-set.png', 10, 1);
INSERT INTO `products` VALUES (3, 'naruto-ninkai-taisen-series-figures', 'NARUTO Ninkai Taisen Series Figures', '[{\"type\":\"paragraph\",\"children\":[{\"text\":\"Designer:\",\"bold\":true},{\"text\":\" POP MART\"}],\"align\":\"left\"},{\"type\":\"paragraph\",\"align\":\"left\",\"children\":[{\"text\":\"Release Date:\",\"bold\":true},{\"text\":\" November 29\"}]},{\"type\":\"paragraph\",\"align\":\"left\",\"children\":[{\"text\":\"SIZE:\",\"bold\":true},{\"text\":\" 7.7-11.4CM/3.03-4.49INCHES\"}]},{\"type\":\"paragraph\",\"align\":\"left\",\"children\":[{\"text\":\"MATERIAL:\",\"bold\":true},{\"text\":\" PVC/ABS\"}]},{\"type\":\"paragraph\",\"align\":\"left\",\"children\":[{\"text\":\"\"}]},{\"type\":\"bulleted-list\",\"children\":[{\"type\":\"list-item\",\"align\":\"left\",\"children\":[{\"text\":\"Not suitable for persons under 15.\"}]}],\"align\":\"left\"},{\"type\":\"paragraph\",\"align\":\"left\",\"children\":[{\"text\":\"\"}]},{\"type\":\"image\",\"url\":\"https://prod-america-res.popmart.com/default/20241119_173541_386259____01_naruto-great-ninja-war_blind-boxes_details_popmart-us_____1200x1754.jpg?x-oss-process=image/format,webp\",\"children\":[{\"text\":\"\"}]},{\"type\":\"image\",\"url\":\"https://prod-america-res.popmart.com/default/20241119_173541_015773____02_naruto-great-ninja-war_blind-boxes_details_popmart-us_____1200x2201.jpg?x-oss-process=image/format,webp\",\"children\":[{\"text\":\"\"}]},{\"type\":\"image\",\"url\":\"https://prod-america-res.popmart.com/default/20241119_173541_000544____03_naruto-great-ninja-war_blind-boxes_details_popmart-us_____1200x782.jpg?x-oss-process=image/format,webp\",\"children\":[{\"text\":\"\"}]},{\"type\":\"image\",\"url\":\"https://prod-america-res.popmart.com/default/20241119_173541_729923____04_naruto-great-ninja-war_blind-boxes_details_popmart-us_____1200x796.jpg?x-oss-process=image/format,webp\",\"children\":[{\"text\":\"\"}]},{\"type\":\"image\",\"url\":\"https://prod-america-res.popmart.com/default/20241119_173541_852590____05_naruto-great-ninja-war_blind-boxes_details_popmart-us_____1200x960.jpg?x-oss-process=image/format,webp\",\"children\":[{\"text\":\"\"}]},{\"type\":\"image\",\"url\":\"https://prod-america-res.popmart.com/default/20241119_173541_687815____06_naruto-great-ninja-war_blind-boxes_details_popmart-us_____1200x881.jpg?x-oss-process=image/format,webp\",\"children\":[{\"text\":\"\"}]},{\"type\":\"image\",\"url\":\"https://prod-america-res.popmart.com/default/20241119_173541_281256____14_naruto-great-ninja-war_blind-boxes_details_popmart-us_____1200x777.jpg?x-oss-process=image/format,webp\",\"children\":[{\"text\":\"\"}]},{\"type\":\"paragraph\",\"children\":[{\"text\":\"\"}]}]', 192.06, 'blindbox-naruto-full-set.png', 10, 1);
INSERT INTO `products` VALUES (4, 'marvel-infinity-saga-series-figures', 'Marvel Infinity Saga Series Figures', '[{\"type\":\"paragraph\",\"children\":[{\"text\":\"Designer:\",\"bold\":true},{\"text\":\" POP MART\"}],\"align\":\"left\"},{\"type\":\"paragraph\",\"align\":\"left\",\"children\":[{\"text\":\"Release Date:\",\"bold\":true},{\"text\":\" May 31, 2024\"}]},{\"type\":\"paragraph\",\"align\":\"left\",\"children\":[{\"text\":\"Material:\",\"bold\":true},{\"text\":\" PVC/ABS\"}]},{\"type\":\"paragraph\",\"align\":\"left\",\"children\":[{\"text\":\"Size:\",\"bold\":true},{\"text\":\" 3.94*2.76*2.56 inches\"}]},{\"type\":\"paragraph\",\"align\":\"left\",\"children\":[{\"text\":\"\"}]},{\"type\":\"bulleted-list\",\"children\":[{\"type\":\"list-item\",\"align\":\"left\",\"children\":[{\"text\":\"Not suitable for persons under 15.\"}]}],\"align\":\"left\"},{\"type\":\"paragraph\",\"align\":\"left\",\"children\":[{\"text\":\"\"}]},{\"type\":\"image\",\"url\":\"https://prod-america-res.popmart.com/default/20240322_160228_016209__1200x1834.jpg?x-oss-process=image/format,webp\",\"children\":[{\"text\":\"\"}]},{\"type\":\"image\",\"url\":\"https://prod-america-res.popmart.com/default/20240322_160231_146344__1200x3695.jpg?x-oss-process=image/format,webp\",\"children\":[{\"text\":\"\"}]},{\"type\":\"image\",\"url\":\"https://prod-america-res.popmart.com/default/20240322_160233_496896__1200x2754.jpg?x-oss-process=image/format,webp\",\"children\":[{\"text\":\"\"}]},{\"type\":\"image\",\"url\":\"https://prod-america-res.popmart.com/default/20240322_160240_968484__1200x2304.jpg?x-oss-process=image/format,webp\",\"children\":[{\"text\":\"\"}]},{\"type\":\"image\",\"url\":\"https://prod-america-res.popmart.com/default/20240322_160243_467326__1200x2156.jpg?x-oss-process=image/format,webp\",\"children\":[{\"text\":\"\"}]},{\"type\":\"image\",\"url\":\"https://prod-america-res.popmart.com/default/20240322_160247_824970__1200x2327.jpg?x-oss-process=image/format,webp\",\"children\":[{\"text\":\"\"}]},{\"type\":\"paragraph\",\"children\":[{\"text\":\"\"}]}]', 192.06, 'blindbox-marvel-figures-full-set.png', 10, 1);
INSERT INTO `products` VALUES (5, 'harry-potter-classic-character-series-plush', 'Harry Potter Classic Character Series Plush', '[{\"type\":\"paragraph\",\"children\":[{\"text\":\"Designer:\",\"bold\":true},{\"text\":\" POP MART\"}],\"align\":\"left\"},{\"type\":\"paragraph\",\"align\":\"left\",\"children\":[{\"text\":\"Release Date:\",\"bold\":true},{\"text\":\" June 18, 2021\"}]},{\"type\":\"paragraph\",\"align\":\"left\",\"children\":[{\"text\":\"Material:\",\"bold\":true},{\"text\":\" Polyester \"}]},{\"type\":\"paragraph\",\"align\":\"left\",\"children\":[{\"text\":\"Height:\",\"bold\":true},{\"text\":\" 11.4 inches\"}]},{\"type\":\"paragraph\",\"align\":\"left\",\"children\":[{\"text\":\"\"}]},{\"type\":\"image\",\"url\":\"https://prod-america-res.popmart.com/default/harry_0Kyhlv8soO_1200x1200.jpg\",\"children\":[{\"text\":\"\"}]},{\"type\":\"paragraph\",\"children\":[{\"text\":\"\"}]}]', 26.44, 'plushtoy-harrypotter-classic.jpg', 10, 1);
INSERT INTO `products` VALUES (6, 'the-monsters-lets-christmas-series-plush-pendant', 'THE MONSTERS Let\'s Christmas Series-Plush Pendant', '[{\"type\":\"paragraph\",\"children\":[{\"text\":\"Designer:\",\"bold\":true},{\"text\":\" Pop Mart\"}],\"align\":\"left\"},{\"type\":\"paragraph\",\"align\":\"left\",\"children\":[{\"text\":\"Release Date:\",\"bold\":true},{\"text\":\" December 25, 2022\"}]},{\"type\":\"paragraph\",\"align\":\"left\",\"children\":[{\"text\":\"Material:\",\"bold\":true},{\"text\":\" Polyester Fiber/Viscose Fiber\"}]},{\"type\":\"paragraph\",\"align\":\"left\",\"children\":[{\"text\":\"Height:\",\"bold\":true},{\"text\":\" 6.88 inches\"}]},{\"type\":\"paragraph\",\"align\":\"left\",\"children\":[{\"text\":\"\"}]},{\"type\":\"image\",\"url\":\"https://prod-america-res.popmart.com/default/20231113_111241_671534__1200x1610.jpg?x-oss-process=image/format,webp\",\"children\":[{\"text\":\"\"}]},{\"type\":\"image\",\"url\":\"https://prod-america-res.popmart.com/default/20231113_111241_228993__1200x1446.jpg?x-oss-process=image/format,webp\",\"children\":[{\"text\":\"\"}]},{\"type\":\"paragraph\",\"children\":[{\"text\":\"\"}]}]', 20.87, 'plustoy-the-monsters-lets-chrismas.jpg', 10, 1);
INSERT INTO `products` VALUES (7, 'kouya-fruit-store-series-plush-blind-box', 'KOUYA-Fruit Store Series Plush Blind Box', '[{\"type\":\"paragraph\",\"children\":[{\"text\":\"Designer:\",\"bold\":true},{\"text\":\" POP MART\"}],\"align\":\"left\"},{\"type\":\"paragraph\",\"align\":\"left\",\"children\":[{\"text\":\"Release Date:\",\"bold\":true},{\"text\":\" September 04, 2021\"}]},{\"type\":\"paragraph\",\"align\":\"left\",\"children\":[{\"text\":\"Material:\",\"bold\":true},{\"text\":\" Polyester\"}]},{\"type\":\"paragraph\",\"align\":\"left\",\"children\":[{\"text\":\"Height:\",\"bold\":true},{\"text\":\" 3.5 inches\"}]},{\"type\":\"paragraph\",\"align\":\"left\",\"children\":[{\"text\":\"\"}]},{\"type\":\"image\",\"url\":\"https://prod-america-res.popmart.com/default/02_BtaSaoVZYj_1200x1200.jpg\",\"children\":[{\"text\":\"\"}]},{\"type\":\"paragraph\",\"children\":[{\"text\":\"\"}]}]', 15.30, 'plushtoy-kouka-chicken.jpg', 10, 1);
INSERT INTO `products` VALUES (8, 'dimoo-no-ones-gonna-sleep-tonight-series-40cm-cotton-doll-fox-spirit', 'DIMOO: No One\'s Gonna Sleep Tonight Series-40cm Cotton Doll (Fox Spirit)', '[{\"type\":\"paragraph\",\"children\":[{\"text\":\"Designer:\",\"bold\":true},{\"text\":\" POP MART\"}],\"align\":\"left\"},{\"type\":\"paragraph\",\"align\":\"left\",\"children\":[{\"text\":\"Release Date:\",\"bold\":true},{\"text\":\" September 29, 2023\"}]},{\"type\":\"paragraph\",\"align\":\"left\",\"children\":[{\"text\":\"Material:\",\"bold\":true},{\"text\":\" Polyester/Cotton\"}]},{\"type\":\"paragraph\",\"align\":\"left\",\"children\":[{\"text\":\"Height:\",\"bold\":true},{\"text\":\" 19.6 inches\"}]},{\"type\":\"paragraph\",\"align\":\"left\",\"children\":[{\"text\":\"\"}]},{\"type\":\"image\",\"url\":\"https://prod-america-res.popmart.com/default/20230927_113115_761647__1200x4170.jpg?x-oss-process=image/format,webp\",\"children\":[{\"text\":\"\"}]},{\"type\":\"paragraph\",\"children\":[{\"text\":\"\"}]}]', 84.23, 'plushtoy-dimoo.jpg', 10, 1);
INSERT INTO `products` VALUES (9, 'dc-series-trendy-figure-batman', 'DC Series Trendy Figure (Batman)', '[{\"type\":\"paragraph\",\"children\":[{\"text\":\"Designer:\",\"bold\":true},{\"text\":\" POP MART\"}],\"align\":\"left\"},{\"type\":\"paragraph\",\"align\":\"left\",\"children\":[{\"text\":\"Release Date:\",\"bold\":true},{\"text\":\" October 27, 2023\"}]},{\"type\":\"paragraph\",\"align\":\"left\",\"children\":[{\"text\":\"Material:\",\"bold\":true},{\"text\":\" ABS/PVC\"}]},{\"type\":\"paragraph\",\"align\":\"left\",\"children\":[{\"text\":\"Height:\",\"bold\":true},{\"text\":\" 4.72 inches\"}]},{\"type\":\"paragraph\",\"align\":\"left\",\"children\":[{\"text\":\"\"}]},{\"type\":\"image\",\"url\":\"https://prod-america-res.popmart.com/default/20231026_190745_250627__1200x1200.jpg\",\"children\":[{\"text\":\"\"}]},{\"type\":\"paragraph\",\"children\":[{\"text\":\"\"}]}]', 20.88, 'figure-batman.jpg', 10, 1);
INSERT INTO `products` VALUES (10, 'pucky-planet-explorer-time-traveler-baby-figurine', 'PUCKY Planet Explorer-Time Traveler Baby Figurine', '[{\"type\":\"paragraph\",\"children\":[{\"text\":\"Designer:\",\"bold\":true},{\"text\":\" POP MART\"}],\"align\":\"left\"},{\"type\":\"paragraph\",\"align\":\"left\",\"children\":[{\"text\":\"Release Date:\",\"bold\":true},{\"text\":\" August 27, 2021\"}]},{\"type\":\"paragraph\",\"align\":\"left\",\"children\":[{\"text\":\"Material:\",\"bold\":true},{\"text\":\" PVC/ABS\"}]},{\"type\":\"paragraph\",\"align\":\"left\",\"children\":[{\"text\":\"Height:\",\"bold\":true},{\"text\":\" 6.5 inches\"}]},{\"type\":\"paragraph\",\"align\":\"left\",\"children\":[{\"text\":\"\"}]},{\"type\":\"bulleted-list\",\"children\":[{\"type\":\"list-item\",\"align\":\"left\",\"children\":[{\"text\":\"Not suitable for persons under 15.\"}]}],\"align\":\"left\"},{\"type\":\"paragraph\",\"children\":[{\"text\":\"\"}]},{\"type\":\"image\",\"url\":\"https://prod-america-res.popmart.com/default/20240306_112249_320817__1200x1835.jpg?x-oss-process=image/format,webp\",\"children\":[{\"text\":\"\"}]},{\"type\":\"image\",\"url\":\"https://prod-america-res.popmart.com/default/20240306_112251_338874__1200x2709.jpg?x-oss-process=image/format,webp\",\"children\":[{\"text\":\"\"}]},{\"type\":\"paragraph\",\"children\":[{\"text\":\"\"}]}]', 93.30, 'figure-pucky.jpg', 10, 1);
INSERT INTO `products` VALUES (11, 'harry-potterwizard-dynasty-harry-potter', 'Harry Potter:Wizard Dynasty Harry Potter', '[{\"type\":\"paragraph\",\"children\":[{\"text\":\"Designer:\",\"bold\":true},{\"text\":\" POP MART\"}],\"align\":\"left\"},{\"type\":\"paragraph\",\"align\":\"left\",\"children\":[{\"text\":\"Release Date:\",\"bold\":true},{\"text\":\" September 30, 2022\"}]},{\"type\":\"paragraph\",\"align\":\"left\",\"children\":[{\"text\":\"Material:\",\"bold\":true},{\"text\":\" PVC/ABS\"}]},{\"type\":\"paragraph\",\"align\":\"left\",\"children\":[{\"text\":\"Height:\",\"bold\":true},{\"text\":\" 7.87 inches\"}]},{\"type\":\"paragraph\",\"align\":\"left\",\"children\":[{\"text\":\"\"}]},{\"type\":\"image\",\"url\":\"https://prod-america-res.popmart.com/default/20230922_161239_591794__1200x3738.jpg?x-oss-process=image/format,webp\",\"children\":[{\"text\":\"\"}]},{\"type\":\"paragraph\",\"children\":[{\"text\":\"\"}]}]', 46.65, 'figure-harrypotter-dynasty.jpg', 10, 1);
INSERT INTO `products` VALUES (12, 'dimoo-fantastic-beasts-and-where-to-find-them-figurine', 'DIMOO × Fantastic Beasts and Where to Find Them Figurine', '[{\"type\":\"paragraph\",\"children\":[{\"text\":\"Designer:\",\"bold\":true},{\"text\":\" POP MART\"}],\"align\":\"left\"},{\"type\":\"paragraph\",\"align\":\"left\",\"children\":[{\"text\":\"Release Date:\",\"bold\":true},{\"text\":\" December 15, 2022\"}]},{\"type\":\"paragraph\",\"align\":\"left\",\"children\":[{\"text\":\"Material:\",\"bold\":true},{\"text\":\" ABS/PVC\"}]},{\"type\":\"paragraph\",\"align\":\"left\",\"children\":[{\"text\":\"Height:\",\"bold\":true},{\"text\":\" 5.8 inches\"}]},{\"type\":\"paragraph\",\"align\":\"left\",\"children\":[{\"text\":\"\"}]},{\"type\":\"image\",\"url\":\"https://prod-america-res.popmart.com/default/DIMOO-%C3%97-%E7%A5%9E%E5%A5%87%E5%8A%A8%E7%89%A9%E5%9C%A8%E5%93%AA%E9%87%8C%E6%89%8B%E5%8A%9E---01_MkSJXXSsuT_1200x2437.jpg?x-oss-process=image/format,webp\",\"children\":[{\"text\":\"\"}]},{\"type\":\"image\",\"url\":\"https://prod-america-res.popmart.com/default/DIMOO-%C3%97-%E7%A5%9E%E5%A5%87%E5%8A%A8%E7%89%A9%E5%9C%A8%E5%93%AA%E9%87%8C%E6%89%8B%E5%8A%9E---02_Iz4Xx005ep_1156x1950.jpg?x-oss-process=image/format,webp\",\"children\":[{\"text\":\"\"}]},{\"type\":\"paragraph\",\"children\":[{\"text\":\"\"}]}]', 93.31, 'figure-dimoo-fansatic.jpg', 10, 1);
INSERT INTO `products` VALUES (13, 'mega-space-molly-1000percent-chen-fenwan', 'MEGA SPACE MOLLY 1000% CHEN FENWAN', '[{\"type\":\"paragraph\",\"children\":[{\"text\":\"Designer: \",\"bold\":true},{\"text\":\"POP MART\"}],\"align\":\"left\"},{\"type\":\"paragraph\",\"align\":\"left\",\"children\":[{\"text\":\"Release Date:\",\"bold\":true},{\"text\":\" December 20, 2024\"}]},{\"type\":\"paragraph\",\"align\":\"left\",\"children\":[{\"text\":\"SIZE\",\"bold\":true},{\"text\":\": 70cm/3.94inches\"}]},{\"type\":\"paragraph\",\"align\":\"left\",\"children\":[{\"text\":\"MATERIAL:\",\"bold\":true},{\"text\":\" ABS/PC/PVC/Electronic Components\"}]},{\"type\":\"paragraph\",\"align\":\"left\",\"children\":[{\"text\":\"\"}]},{\"type\":\"bulleted-list\",\"children\":[{\"type\":\"list-item\",\"align\":\"left\",\"children\":[{\"text\":\"Not suitable for persons under 15.\"}]}],\"align\":\"left\"},{\"type\":\"paragraph\",\"align\":\"left\",\"children\":[{\"text\":\"\"}]},{\"type\":\"image\",\"url\":\"https://prod-america-res.popmart.com/default/20241212_105108_121417____1_mega-space-molly-1000-chen-fenwan_mega_details_popmart-us_____1200x2302.jpg?x-oss-process=image/format,webp\",\"children\":[{\"text\":\"\"}]},{\"type\":\"image\",\"url\":\"https://prod-america-res.popmart.com/default/20241212_105108_438864____2_mega-space-molly-1000-chen-fenwan_mega_details_popmart-us_____1200x1692.jpg?x-oss-process=image/format,webp\",\"children\":[{\"text\":\"\"}]},{\"type\":\"image\",\"url\":\"https://prod-america-res.popmart.com/default/20241212_105108_715911____3_mega-space-molly-1000-chen-fenwan_mega_details_popmart-us_____1200x2140.jpg?x-oss-process=image/format,webp\",\"children\":[{\"text\":\"\"}]},{\"type\":\"image\",\"url\":\"https://prod-america-res.popmart.com/default/20241212_105109_597494____4_mega-space-molly-1000-chen-fenwan_mega_details_popmart-us_____1200x1975.jpg?x-oss-process=image/format,webp\",\"children\":[{\"text\":\"\"}]},{\"type\":\"image\",\"url\":\"https://prod-america-res.popmart.com/default/20241212_105109_095624____5_mega-space-molly-1000-chen-fenwan_mega_details_popmart-us_____1200x2367.jpg?x-oss-process=image/format,webp\",\"children\":[{\"text\":\"\"}]},{\"type\":\"image\",\"url\":\"https://prod-america-res.popmart.com/default/20241212_105109_301705____6_mega-space-molly-1000-chen-fenwan_mega_details_popmart-us_____1200x1769.jpg?x-oss-process=image/format,webp\",\"children\":[{\"text\":\"\"}]},{\"type\":\"image\",\"url\":\"https://prod-america-res.popmart.com/default/20241212_105109_760709____7_mega-space-molly-1000-chen-fenwan_mega_details_popmart-us_____1200x1547.jpg?x-oss-process=image/format,webp\",\"children\":[{\"text\":\"\"}]},{\"type\":\"image\",\"url\":\"https://prod-america-res.popmart.com/default/20241212_105109_511106____8_mega-space-molly-1000-chen-fenwan_mega_details_popmart-us_____1200x1487.jpg?x-oss-process=image/format,webp\",\"children\":[{\"text\":\"\"}]},{\"type\":\"paragraph\",\"children\":[{\"text\":\"\"}]}]', 1119.96, 'mega-space-molly-100-chen-fenwan.jpg', 10, 1);
INSERT INTO `products` VALUES (14, 'mega-space-molly-400percent-gary-baseman', 'MEGA SPACE MOLLY 400% Gary Baseman', '[{\"type\":\"paragraph\",\"children\":[{\"text\":\"Designer:\",\"bold\":true},{\"text\":\" POP MART\"}],\"align\":\"left\"},{\"type\":\"paragraph\",\"align\":\"left\",\"children\":[{\"text\":\"Release Date:\",\"bold\":true},{\"text\":\" June 21, 2024\"}]},{\"type\":\"paragraph\",\"align\":\"left\",\"children\":[{\"text\":\"Material:\",\"bold\":true},{\"text\":\" PVC/ABS/PC\"}]},{\"type\":\"paragraph\",\"align\":\"left\",\"children\":[{\"text\":\"Height:\",\"bold\":true},{\"text\":\" 12.6 INCHES\"}]},{\"type\":\"paragraph\",\"align\":\"left\",\"children\":[{\"text\":\"\"}]},{\"type\":\"bulleted-list\",\"children\":[{\"type\":\"list-item\",\"align\":\"left\",\"children\":[{\"text\":\"Not suitable for persons under 15.\"}]}],\"align\":\"left\"},{\"type\":\"paragraph\",\"align\":\"left\",\"children\":[{\"text\":\"\"}]},{\"type\":\"image\",\"url\":\"https://prod-america-res.popmart.com/default/20240613_103754_530796____mega-space-molly-400-gary-baseman-mega-400-pop-mart-us-detail__01_____1200x3039.jpg?x-oss-process=image/format,webp\",\"children\":[{\"text\":\"\"}]},{\"type\":\"image\",\"url\":\"https://prod-america-res.popmart.com/default/20240613_103754_240759____mega-space-molly-400-gary-baseman-mega-400-pop-mart-us-detail__02_____1200x2986.jpg?x-oss-process=image/format,webp\",\"children\":[{\"text\":\"\"}]},{\"type\":\"paragraph\",\"children\":[{\"text\":\"\"}]}]', 224.21, 'mega-space-molly-400-gary-baseman.jpg', 10, 1);
INSERT INTO `products` VALUES (15, 'mega-royal-molly-400percent-mika-ninagawa', 'MEGA ROYAL MOLLY 400% MIKA NINAGAWA', '[{\"type\":\"paragraph\",\"children\":[{\"text\":\"Product Name:\",\"bold\":true},{\"text\":\" MEGA ROYAL MOLLY 400% MIKA NINAGAWA\"}],\"align\":\"left\"},{\"type\":\"paragraph\",\"align\":\"left\",\"children\":[{\"text\":\"Brand:\",\"bold\":true},{\"text\":\" POP MART\"}]},{\"type\":\"paragraph\",\"align\":\"left\",\"children\":[{\"text\":\"Size:\",\"bold\":true},{\"text\":\" 14.96 inches\"}]},{\"type\":\"paragraph\",\"align\":\"left\",\"children\":[{\"text\":\"Material:\",\"bold\":true},{\"text\":\" ABS/PC/PVC\"}]},{\"type\":\"paragraph\",\"align\":\"left\",\"children\":[{\"text\":\"\"}]},{\"type\":\"image\",\"url\":\"https://prod-america-res.popmart.com/default/20240122_095307_141573__1200x3002.jpg?x-oss-process=image/format,webp\",\"children\":[{\"text\":\"\"}]},{\"type\":\"image\",\"url\":\"https://prod-america-res.popmart.com/default/20240122_095307_450775__1200x3012.jpg?x-oss-process=image/format,webp\",\"children\":[{\"text\":\"\"}]},{\"type\":\"paragraph\",\"children\":[{\"text\":\"\"}]}]', 279.93, 'mega-royal-molly-400-mika.jpg', 10, 1);
INSERT INTO `products` VALUES (16, 'mega-collection-yuki-rainbow-400percent', 'MEGA COLLECTION YUKI Rainbow 400%', '[{\"type\":\"paragraph\",\"children\":[{\"text\":\"Product Name:\",\"bold\":true},{\"text\":\" MEGA COLLECTION YUKI Rainbow 400%\"}],\"align\":\"left\"},{\"type\":\"paragraph\",\"align\":\"left\",\"children\":[{\"text\":\"Brand:\",\"bold\":true},{\"text\":\" POP MART\"}]},{\"type\":\"paragraph\",\"align\":\"left\",\"children\":[{\"text\":\"Size:\",\"bold\":true},{\"text\":\" 7.1 inch\"}]},{\"type\":\"paragraph\",\"align\":\"left\",\"children\":[{\"text\":\"Material:\",\"bold\":true},{\"text\":\" ABS/PC/PVC\"}]},{\"type\":\"paragraph\",\"align\":\"left\",\"children\":[{\"text\":\"\"}]},{\"type\":\"image\",\"url\":\"https://prod-america-res.popmart.com/default/400YUKI_Rainbow_01_W5NfY1hN1n_1200x4611.jpg?x-oss-process=image/format,webp\",\"children\":[{\"text\":\"\"}]},{\"type\":\"image\",\"url\":\"https://prod-america-res.popmart.com/default/400YUKI_Rainbow_02_CJXVOHemrD_1200x3390.jpg?x-oss-process=image/format,webp\",\"children\":[{\"text\":\"\"}]},{\"type\":\"paragraph\",\"children\":[{\"text\":\"\"}]}]', 149.68, 'mega-yuki-rainbow-400.jpg', 10, 1);
INSERT INTO `products` VALUES (17, 'skullpanda-image-of-reality-series-handheld-mirror', 'SKULLPANDA Image Of Reality Series-Handheld Mirror', '[{\"type\":\"paragraph\",\"children\":[{\"text\":\"Designer:\",\"bold\":true},{\"text\":\" POP MART\"}],\"align\":\"left\"},{\"type\":\"paragraph\",\"align\":\"left\",\"children\":[{\"text\":\"Release Date:\",\"bold\":true},{\"text\":\" February 10, 2024\"}]},{\"type\":\"paragraph\",\"align\":\"left\",\"children\":[{\"text\":\"Material:\",\"bold\":true},{\"text\":\" ABS/GLASS\"}]},{\"type\":\"paragraph\",\"align\":\"left\",\"children\":[{\"text\":\"Height:\",\"bold\":true},{\"text\":\" 10.6*23.5CM/4.17*9.25 inches\"}]},{\"type\":\"paragraph\",\"align\":\"left\",\"children\":[{\"text\":\"\"}]},{\"type\":\"bulleted-list\",\"children\":[{\"type\":\"list-item\",\"align\":\"left\",\"children\":[{\"text\":\"Not suitable for persons under 15.\"}]}],\"align\":\"left\"},{\"type\":\"paragraph\",\"align\":\"left\",\"children\":[{\"text\":\"\"}]},{\"type\":\"image\",\"url\":\"https://prod-america-res.popmart.com/default/20240208_211614_072424__1200x3534.jpg?x-oss-process=image/format,webp\",\"children\":[{\"text\":\"\"}]},{\"type\":\"paragraph\",\"children\":[{\"text\":\"\"}]}]', 20.88, 'accessories-skullpanda-image-of-reality.jpg', 10, 1);
INSERT INTO `products` VALUES (18, 'kubo-jeans-series-trendy-socks', 'KUBO JEANS SERIES-Trendy Socks ', '[{\"type\":\"paragraph\",\"children\":[{\"text\":\"Designer:\",\"bold\":true},{\"text\":\" POP MART\"}],\"align\":\"left\"},{\"type\":\"paragraph\",\"align\":\"left\",\"children\":[{\"text\":\"Release Date:\",\"bold\":true},{\"text\":\" April 19, 2024\"}]},{\"type\":\"paragraph\",\"align\":\"left\",\"children\":[{\"text\":\"Material:\",\"bold\":true},{\"text\":\" 84%COTTON, 14%POLYESTER FIBER, 2%SPANDEX\"}]},{\"type\":\"paragraph\",\"align\":\"left\",\"children\":[{\"text\":\"Height:\",\"bold\":true},{\"text\":\" 9.45-10.24inches\"}]},{\"type\":\"paragraph\",\"align\":\"left\",\"children\":[{\"text\":\"\"}]},{\"type\":\"bulleted-list\",\"children\":[{\"type\":\"list-item\",\"align\":\"left\",\"children\":[{\"text\":\"Not suitable for persons under 15.\"}]}],\"align\":\"left\"},{\"type\":\"paragraph\",\"align\":\"left\",\"children\":[{\"text\":\"\"}]},{\"type\":\"image\",\"url\":\"https://prod-america-res.popmart.com/default/20240417_152036_701437__1200x1708.jpeg?x-oss-process=image/format,webp\",\"children\":[{\"text\":\"\"}]},{\"type\":\"image\",\"url\":\"https://prod-america-res.popmart.com/default/20240417_152038_024608__1200x1768.jpg?x-oss-process=image/format,webp\",\"children\":[{\"text\":\"\"}]},{\"type\":\"paragraph\",\"children\":[{\"text\":\"\"}]}]', 12.53, 'accessories-kubo-jeans-sock.jpg', 10, 1);
INSERT INTO `products` VALUES (19, 'kubo-jeans-series-cable-blind-box-type-c', 'KUBO JEANS SERIES-Cable Blind Box (Type-C)', '[{\"type\":\"paragraph\",\"children\":[{\"text\":\"Designer:\",\"bold\":true},{\"text\":\" POP MART\"}],\"align\":\"left\"},{\"type\":\"paragraph\",\"align\":\"left\",\"children\":[{\"text\":\"Release Date:\",\"bold\":true},{\"text\":\" April 19, 2024\"}]},{\"type\":\"paragraph\",\"align\":\"left\",\"children\":[{\"text\":\"Material:\",\"bold\":true},{\"text\":\" SILICONE/TPE/ACRYLIC\"}]},{\"type\":\"paragraph\",\"align\":\"left\",\"children\":[{\"text\":\"Height:\",\"bold\":true},{\"text\":\" 39.4inches\"}]},{\"type\":\"paragraph\",\"align\":\"left\",\"children\":[{\"text\":\"\"}]},{\"type\":\"bulleted-list\",\"children\":[{\"type\":\"list-item\",\"align\":\"left\",\"children\":[{\"text\":\"Not suitable for persons under 15.\"}]}],\"align\":\"left\"},{\"type\":\"paragraph\",\"align\":\"left\",\"children\":[{\"text\":\"\"}]},{\"type\":\"image\",\"url\":\"https://prod-america-res.popmart.com/default/20240417_145001_580512__1200x1675.jpg?x-oss-process=image/format,webp\",\"children\":[{\"text\":\"\"}]},{\"type\":\"image\",\"url\":\"https://prod-america-res.popmart.com/default/20240417_145009_470559__1200x1861.jpg?x-oss-process=image/format,webp\",\"children\":[{\"text\":\"\"}]},{\"type\":\"paragraph\",\"children\":[{\"text\":\"\"}]}]', 14.61, 'accessories-kubo-jeans-cable-type-c.jpg', 10, 1);
INSERT INTO `products` VALUES (20, 'warm-fluffy-holiday-series-dimoo-cloud-bag', 'Warm Fluffy Holiday Series-DIMOO Cloud Bag', '[{\"type\":\"paragraph\",\"children\":[{\"text\":\"Designer:\",\"bold\":true},{\"text\":\" POP MART\"}],\"align\":\"left\"},{\"type\":\"paragraph\",\"align\":\"left\",\"children\":[{\"text\":\"Release Date:\",\"bold\":true},{\"text\":\" November 22\"}]},{\"type\":\"paragraph\",\"align\":\"left\",\"children\":[{\"text\":\"SIZE:\",\"bold\":true},{\"text\":\" 41*9.6*32CM / 16.14*3.78*12.6INCHES\"}]},{\"type\":\"paragraph\",\"align\":\"left\",\"children\":[{\"text\":\"CAPACITY:\",\"bold\":true},{\"text\":\" 5KG/11.02lb\"}]},{\"type\":\"paragraph\",\"align\":\"left\",\"children\":[{\"text\":\"MATERIAL:\",\"bold\":true},{\"text\":\" 100% POLYAMIDE\"}]},{\"type\":\"paragraph\",\"align\":\"left\",\"children\":[{\"text\":\"\"}]},{\"type\":\"bulleted-list\",\"children\":[{\"type\":\"list-item\",\"align\":\"left\",\"children\":[{\"text\":\"Not suitable for persons under 15.\"}]}],\"align\":\"left\"},{\"type\":\"paragraph\",\"align\":\"left\",\"children\":[{\"text\":\"\"}]},{\"type\":\"image\",\"url\":\"https://prod-america-res.popmart.com/default/20241111_094639_950081____warm-fluffy-holiday-series-dimoo-cloud-bag-accessories-pop-mart-us-detail_01_____1200x1737.jpg?x-oss-process=image/format,webp\",\"children\":[{\"text\":\"\"}]},{\"type\":\"image\",\"url\":\"https://prod-america-res.popmart.com/default/20241111_094639_783065____warm-fluffy-holiday-series-dimoo-cloud-bag-accessories-pop-mart-us-detail_02_____1200x1993.jpg?x-oss-process=image/format,webp\",\"children\":[{\"text\":\"\"}]},{\"type\":\"paragraph\",\"children\":[{\"text\":\"\"}]}]', 34.81, 'accessories-warm-fluffy-holiday-dimoo-cloud-bag.jpg', 10, 1);

-- ----------------------------
-- Table structure for users
-- ----------------------------
DROP TABLE IF EXISTS `users`;
CREATE TABLE `users`  (
  `id` int UNSIGNED NOT NULL AUTO_INCREMENT,
  `username` varchar(255) CHARACTER SET utf8mb4 COLLATE utf8mb4_0900_ai_ci NULL DEFAULT NULL,
  `email` varchar(255) CHARACTER SET utf8mb4 COLLATE utf8mb4_0900_ai_ci NULL DEFAULT NULL,
  `role` varchar(255) CHARACTER SET utf8mb4 COLLATE utf8mb4_0900_ai_ci NOT NULL DEFAULT 'member',
  `avatarFileName` varchar(2000) CHARACTER SET utf8mb4 COLLATE utf8mb4_0900_ai_ci NULL DEFAULT NULL,
  `createdAt` timestamp NOT NULL DEFAULT CURRENT_TIMESTAMP,
  PRIMARY KEY (`id`) USING BTREE,
  UNIQUE INDEX `username`(`username` ASC) USING BTREE,
  UNIQUE INDEX `email`(`email` ASC) USING BTREE
) ENGINE = InnoDB AUTO_INCREMENT = 2 CHARACTER SET = utf8mb4 COLLATE = utf8mb4_0900_ai_ci ROW_FORMAT = DYNAMIC;

-- ----------------------------
-- Records of users
-- ----------------------------
INSERT INTO `users` VALUES (1, 'truyenhaunhan', 'truyenhaunhan@gmail.com', 'admin', 'BD00.png', '2025-01-08 21:53:25');

SET FOREIGN_KEY_CHECKS = 1;
